model,corr
Calibrated,0.7045438516759496
Uncalibrated (Equal),0.55149364536149
ToolTech Only,0.5107184048326334
