metric,value
n_samples,751.0
r2,0.49638203893438215
mae,0.05569591819960763
rmse,0.06974524536434165
intercept_raw,0.23706575975516614
