career,occ_title,net_risk,net_risk_min,net_risk_max,substitution,defense,m_comp,m_comp_raw,emp_2024,g_baseline,s_careerprior_moderate,s_careerprior_high,g_No_GenAI_Baseline,emp_2034_No_GenAI_Baseline,chg_No_GenAI_Baseline,g_Moderate_Substitution,emp_2034_Moderate_Substitution,chg_Moderate_Substitution,g_High_Disruption,emp_2034_High_Disruption,chg_High_Disruption,g_CareerPrior_Moderate,emp_2034_CareerPrior_Moderate,chg_CareerPrior_Moderate,g_CareerPrior_High,emp_2034_CareerPrior_High,chg_CareerPrior_High,g_Ramp_Moderate,emp_2034_Ramp_Moderate,chg_Ramp_Moderate,g_Ramp_High,emp_2034_Ramp_High,chg_Ramp_High
software_engineer,software_engineer Bundle (2 SOCs),0.879587081544674,0.7577572800250334,0.8883046231341063,0.7287215708885898,0.35356368476875877,0.2,0.9379802250838191,1815000.0,0.013492235072079195,0.0273,0.048600000000000004,0.013492235072078973,2075299.999999999,260299.99999999907,-0.003016925754963151,1760980.2411775552,-54019.75882244483,-0.019523826137676892,1490208.631703231,-324791.368296769,-0.010554042598738156,1632290.352407855,-182709.64759214502,-0.029312015247740852,1347948.093041535,-467051.906958465,0.003713684568584563,1883541.0197558904,68541.01975589036,-0.006107435194180444,1707147.500169318,-107852.49983068206
electrician,electrician Bundle (2 SOCs),-0.8883107222665543,-0.8885727887083509,-0.8850891937996034,0.2821320587686738,0.7401264144681828,0.005747099262107937,0.005747099262107937,885300.0,0.008427224341511996,0.00505,0.0098,0.008427224341511996,962800.0000000001,77500.00000000012,0.00852250998680737,963710.1305020574,78410.13050205738,0.008617798596092907,964621.063585955,79321.06358595495,0.008452897987558439,963045.1482657045,77745.14826570451,0.008477046662870524,963275.7864130619,77975.7864130619,0.008466366373460765,963173.7754260319,77873.7754260319,0.008505507755303343,963547.6752311536,78247.67523115361
writer,writer Bundle (3 SOCs),0.60974730678522,0.590961083709815,0.6145876771021319,0.739011577504259,0.48110962143078756,0.2,0.36832071585299886,307600.0,0.001965617053956148,0.024,0.045,0.001965617053956148,313700.0,6100.0,-0.009463221462800542,279699.94823838223,-27900.051761617768,-0.02089181987548039,249053.77037846594,-58546.22962153406,-0.012669146013565391,270778.0273097266,-36821.972690273426,-0.025474238002841543,237640.01698797417,-69959.98301202583,-0.00521005583122125,291944.4319574203,-15655.568042579689,-0.012404532608539243,271504.6122419059,-36095.38775809412
