{
  "alpha": 0.06254331897138148,
  "n_obs": 36,
  "neg_loglik": 24.751783847098025
}