{
  "beta": {
    "intercept": 0.0,
    "beta_J": 5.0449301036741625,
    "beta_P": -79.06076435253588,
    "beta_U": -18.86416449446823,
    "beta_age": -238.66094983543002,
    "beta_actor": -0.5649362092904772
  },
  "tau": 0.47385997451867407,
  "optimizer": {
    "success": true,
    "nfev": 22737,
    "final_objective": 593.3992395135687
  },
  "theta_summary": {
    "n_contestants": 421,
    "mean": -5.9977536629715996e-06,
    "std": 0.00013666421506506118
  },
  "theta": [
    0.0,
    0.0,
    0.0,
    0.0,
    0.0,
    0.0,
    -8.563896689555345e-06,
    -9.530632417953265e-06,
    -1.2192164493328394e-05,
    -1.089441965542283e-06,
    -7.285754159487832e-07,
    -2.133186076098282e-05,
    -3.3325705951348936e-06,
    3.7507850656289974e-06,
    -1.3141106505658187e-05,
    -1.893210104987913e-05,
    -5.842423444262191e-06,
    -3.432867024536983e-06,
    -6.1811723923580705e-06,
    0.0009039433855760045,
    -2.6498630640789796e-06,
    -1.3228855131600085e-05,
    -7.658871060764554e-06,
    -1.0743078444806212e-05,
    -0.0009273548677144701,
    -5.473184150088143e-06,
    -2.2525701536466524e-05,
    -2.0031337521872368e-05,
    1.5291109487351084e-07,
    -1.561315912476633e-05,
    -1.3442115063990111e-05,
    -7.307039672671699e-06,
    -1.2413964546248297e-05,
    5.7477880626876785e-06,
    -1.776260686314204e-05,
    -7.552378830897834e-06,
    -1.0963568528576317e-05,
    -1.5647673926660728e-05,
    -1.1327452666745835e-05,
    -5.029759682753191e-06,
    -6.669335373018349e-06,
    -1.5065082333561168e-05,
    -3.7356604668217626e-06,
    -1.064960811827945e-05,
    -1.486348373717262e-05,
    4.13371046743703e-06,
    -7.12532752247443e-06,
    -9.899438660066436e-06,
    -9.873766206105792e-06,
    -1.0958525925866905e-05,
    -3.4679917705040863e-06,
    -5.5969102789062905e-06,
    -6.518740994398288e-06,
    -1.5038349531981985e-05,
    -3.8373544118933815e-06,
    -1.2758712614994988e-05,
    -7.149738049695251e-06,
    -1.3091071279212025e-05,
    4.167426288591811e-06,
    -9.605221469691236e-06,
    -3.66169678421408e-06,
    -1.6448335982674532e-06,
    -6.554512134633389e-06,
    -1.5643655131062788e-05,
    7.636088677330764e-07,
    -1.2596671568584462e-05,
    -1.3862531033065406e-05,
    -1.6853756489470698e-05,
    -1.4843990124231403e-07,
    -7.561028584063261e-06,
    -1.4656642857528634e-06,
    -6.175814021304969e-06,
    -3.904117152275096e-06,
    -3.125615334570449e-07,
    -6.76374290207158e-06,
    -1.9152684117216112e-05,
    -1.4067662047761495e-05,
    -1.304025165890569e-05,
    -6.477541601009907e-06,
    -7.19340777488867e-06,
    -3.5033637440629837e-06,
    3.5266628560619956e-06,
    -1.5769894633202715e-06,
    -1.1347050061719505e-05,
    -1.8090823324428915e-06,
    -1.3107475586078355e-05,
    -1.0731590520156487e-05,
    -1.5073743524085902e-05,
    -4.97774006798418e-07,
    -4.0571391314152836e-07,
    -5.736385721710229e-06,
    3.7886141370616025e-06,
    -2.0485384410071765e-05,
    -1.5430253056833114e-05,
    2.5211399186756837e-06,
    -3.477137169435374e-06,
    1.6170372914896814e-06,
    -3.8748671950982445e-06,
    -7.267755554715607e-06,
    -5.7216801321429065e-06,
    -6.849025399270676e-06,
    -1.2115137480448509e-06,
    -1.4876860559024397e-05,
    -2.1072832214572877e-05,
    1.7291542439549666e-06,
    -9.560157942902363e-06,
    -9.107468000013859e-06,
    0.0,
    -9.208151564272008e-06,
    -4.611092409901343e-06,
    -1.1484207080826215e-05,
    -3.7193436708575323e-06,
    -2.9599546437493492e-06,
    -7.023999997038745e-06,
    -9.941434170824191e-06,
    -1.6185916944895482e-05,
    -9.611041596258061e-06,
    -1.134326355241093e-05,
    -1.937299113758593e-06,
    -6.878679957457837e-06,
    -5.959185598235438e-06,
    -7.508723067665708e-06,
    -6.824577293086454e-06,
    -4.007299834208911e-06,
    -9.952053522586317e-06,
    -1.8521718320262665e-05,
    -3.7419913217580294e-12,
    -3.133702655156919e-08,
    -7.230988854956058e-08,
    4.097292610743158e-08,
    0.0,
    -1.1742018850385497e-15,
    0.0,
    -3.743165523643068e-12,
    0.0,
    -6.410942374990337e-14,
    -9.60136090895981e-07,
    -6.780661362446153e-06,
    -9.399523824389212e-06,
    -1.000983647811044e-05,
    -1.4578636729847831e-05,
    -1.0790851685210064e-05,
    -1.62556135494819e-05,
    -1.7120795610679727e-05,
    -1.1238491652297914e-05,
    2.407886644477245e-06,
    -1.1289168718282609e-05,
    -1.2551126775766892e-05,
    -6.920177638422321e-06,
    -6.3556003105466296e-06,
    -1.273110653882883e-05,
    1.6048987572757085e-06,
    -1.0546881429847097e-05,
    -1.403683171518015e-05,
    -1.9443899523536593e-05,
    -1.055237183453035e-05,
    -1.454124524592489e-05,
    -1.645573341917051e-05,
    -2.0165571239442265e-06,
    -7.630620856258462e-06,
    -1.454124524592489e-05,
    -1.3080060454190607e-05,
    -7.181286482195594e-06,
    -9.782638967453872e-06,
    -1.2004983958295078e-05,
    -8.425940618091491e-06,
    -5.508202882574317e-06,
    -5.575974312037513e-07,
    2.1196030321792635e-06,
    -3.986489031203294e-07,
    -5.845053438067277e-06,
    -4.465904473035431e-06,
    -1.8660372773710294e-05,
    -6.607737356380699e-06,
    -1.2353830308893726e-05,
    -8.138944980536766e-06,
    -1.2401772135569528e-05,
    -1.7122022099091515e-05,
    -5.522895260535114e-06,
    -1.0540217762883284e-05,
    -4.802743945387025e-06,
    -1.7857710464106036e-05,
    4.30834907972259e-07,
    -1.2062406608012294e-05,
    -6.072601836501698e-06,
    -4.449572155310629e-06,
    -2.5868105499909485e-06,
    -4.822172346609349e-06,
    -1.4570515133367252e-05,
    2.352523385513569e-06,
    1.2669626114718659e-06,
    -9.094710474901665e-06,
    -2.0911877841885727e-05,
    -1.0975894727852894e-05,
    -6.4125148101996755e-06,
    -1.1337344434281037e-05,
    -3.509638048863889e-06,
    2.1342154382647267e-06,
    -7.987417011016227e-06,
    3.084289997565313e-07,
    -7.969914648617195e-06,
    -1.1507432760601772e-05,
    5.182166806293894e-06,
    0.0014951998730993264,
    1.7649990966135857e-06,
    -1.1801371893737628e-05,
    -5.934168439615528e-06,
    -5.109889267282752e-06,
    -1.4466077454062492e-05,
    -9.647529080200845e-06,
    -0.00153576881967407,
    -2.853257428452461e-06,
    -1.5006993401031152e-05,
    -8.695273980632992e-07,
    6.009226099379973e-06,
    -1.555923233672079e-05,
    -1.615155217100987e-05,
    -2.3543332400424143e-06,
    -1.2935152341900453e-05,
    -7.733300598678953e-06,
    -1.3071285836644885e-05,
    -7.837609778252163e-06,
    1.017734983695874e-06,
    -1.2682720942884687e-05,
    3.1151055700848987e-06,
    -2.028702169382715e-05,
    6.636321996844267e-07,
    -4.558070119405657e-06,
    -6.19563980691802e-06,
    -1.6130596139589563e-06,
    -2.080623581013768e-05,
    -9.737444927645095e-06,
    2.259534979185985e-06,
    -1.42875562173583e-05,
    -3.5010261258195024e-12,
    -1.9345171733307484e-10,
    7.230632341419185e-08,
    -3.5651504282844328e-12,
    7.23063875305042e-08,
    -1.1745142558512762e-15,
    0.0,
    -1.934529205196832e-10,
    -7.249983924783728e-08,
    7.211293581343418e-08,
    -1.4461277506140296e-07,
    0.0,
    7.230286272649838e-08,
    -2.6886428867367524e-07,
    -1.3167396593404992e-11,
    -1.0366297789170528e-07,
    -3.133732281276147e-08,
    2.036125820899043e-08,
    -8.32787425654491e-08,
    -7.249983929664933e-08,
    -1.9972033730815294e-07,
    8.775099872052929e-08,
    -1.3167397530517431e-11,
    2.0357693080510307e-08,
    1.5533201085449397e-08,
    1.1305916459874499e-07,
    -1.206459596840351e-13,
    -1.110108104804832e-05,
    -7.816470192148841e-06,
    -7.5827853350382955e-06,
    -6.742891274234176e-06,
    -1.593051821568372e-05,
    -1.8150153268921955e-05,
    -8.157880215900484e-06,
    -1.1581131046070306e-05,
    -1.5466712731964218e-05,
    -5.169150433901244e-06,
    -1.2011612584548543e-05,
    -6.229465252541516e-11,
    -1.9345260037248128e-10,
