feature,sign_convention,weight_std,weight_raw,feature_mean,feature_std
writing_intensity,1.0,0.0,0.0,0.49997591497297217,0.28969256887910444
tool_technology,1.0,0.018753365261697953,0.06454382271295994,0.50238613803473,0.2905524413249916
physical_manual,-1.0,0.05892350735007031,0.20310288855573597,-0.5023732353416809,0.2901165402869216
social_perceptiveness,-1.0,0.0054519098263413526,0.018916661776032365,-0.49829340379924,0.28820676136679607
creativity_originality,-1.0,0.0,0.0,-0.5007552376331983,0.28999124091014766
